Country,ISO2,ISO3,F1998,F1999,F2000,F2001,F2002,F2003,F2004,F2005,F2006,F2007,F2008,F2009,F2010,F2011,F2012,F2013,F2014,F2015,F2016,F2017,F2018,F2019
"Afghanistan, Islamic Rep. of",AF,AFG,,,,,,,,,,,,,,,,,,,,,0.089737549,
Albania,AL,ALB,0.143689061,0.166172849,0.091896721,0.141318684,0.030378491,0.092470391,0.098346752,0.115445336,0.029546181,0.08275442,0.061453155,0.099813249,0.071198252,0.078877726,0.064209849,0.111583332,0.01333966,0.075286504,0.100742588,0.02174853,0.007225808,
Algeria,DZ,DZA,0.081263365,0.063298907,0.050315076,0.057246872,0.047232588,0.048812533,0.049773896,0.043716134,0.048711852,0.045317806,0.056918562,0.045154611,0.023564067,0.069509123,0.059809672,0.122125813,0.201359195,0.175713293,0.127998938,0.000152759,,
"Andorra, Principality of",AD,AND,0.31635585,1.105113033,1.510899608,0.625664432,0.505579139,1.396730621,0.50430839,0.334752576,0.437182003,0.5914517,0.803788399,0.776380457,0.79465691,0.761820375,0.733280941,0.737306867,1.073114971,0.806461447,0.82838581,0.515322944,0.344832354,
Angola,AO,AGO,,,,,,,,,,,,,,,,,,0.067601432,0.053835511,0.05137,0.019163831,
Argentina,AR,ARG,0.366165759,0.38754706,0.448243579,0.517399853,0.410392066,0.37052589,0.388746031,0.440231342,0.428214146,0.419526372,0.416284583,0.388529809,0.355688621,0.331885275,0.813981873,0.62349125,0.618548626,0.454864369,0.656397525,0.618476169,0.456279111,0.332829606
"Armenia, Rep. of",AM,ARM,,0.273108225,0.200853193,0.205724016,0.13356205,0.148811291,0.16115337,0.224472512,0.249497128,0.333445889,0.389966551,0.25959559,0.217020639,0.217794385,0.243058077,0.321806575,0.266178774,0.214464482,0.181978516,0.17192309,0.199251569,0.148121098
"Aruba, Kingdom of the Netherlands",AW,ABW,,,,,,,,0.275183101,,,,0.233448418,0.044644531,0.102434756,0.221739794,0.148720139,0.207316167,0.153256751,0.235452093,0.017235754,0.007103943,0.036957277
Australia,AU,AUS,0.418033482,0.351739416,0.346724267,0.320350112,0.366180826,0.420489873,0.412190803,0.39499902,0.353511974,0.376066013,0.316155775,0.316760323,0.27865485,0.254583315,0.243656043,0.244166794,0.229698861,0.239268675,0.22807572,0.190950681,0.196226821,0.156717406
Austria,AT,AUT,1.340520531,1.34772609,1.239579692,1.224184159,1.194214682,1.216819925,1.175470339,1.259568883,1.336297401,1.341019145,1.389951359,1.346038569,1.314737955,1.289552559,1.42959445,1.493014526,1.452541184,1.38323772,1.328822716,1.285291229,1.38475279,1.388112378
"Azerbaijan, Rep. of",AZ,AZE,0.329200895,0.13468408,0.10397484,0.085680067,0.062005542,0.057016214,0.035203239,0.045261763,0.029423006,0.042307821,0.004899539,0.010564638,0.010961072,0.009655556,0.010659676,0.017596093,0.019742773,0.100240683,0.063320788,0.072757783,0.062722041,0.082474538
"Bahamas, The",BS,BHS,1.89267339,0.358819233,0.379829649,0.267490126,0.259162307,0.188691054,0.575503866,2.70E-05,0.425427752,0.085227827,0.234003112,0.245646827,0.226496634,0.25402605,0.288956601,0.215151621,0.55180661,0.396806618,0.382905741,0.436565692,0.55847264,
"Bahrain, Kingdom of",BH,BHR,,,,,0.214294046,0.279908534,0.281213297,0.210298035,0.233058194,0.348213843,0.383375271,0.230052992,0.082724133,0.159220964,0.631517177,0.440375717,0.385698861,0.56842562,0.477832026,0.315387843,0.274313896,
Bangladesh,BD,BGD,0.09311036,,,0.085825865,0.063620343,0.122316183,0.132256242,0.200595725,0.131535007,0.133714361,0.124380465,0.063116503,0.040493637,0.038037765,0.050843465,0.052006926,,0.051905722,,,,
Barbados,BB,BRB,0.696511454,0.67676202,0.747904217,0.708867917,1.013616928,0.824637359,1.064275505,0.628351268,0.468094008,0.747239839,0.471119899,0.582437854,0.677300336,0.31291128,0.288965841,0.367271736,0.311002426,0.346539118,0.280931329,0.32782085,0.380625262,0.378559499
"Belarus, Rep. of",BY,BLR,0.549854927,0.494121266,0.507773317,0.542536715,0.589868481,0.588018697,0.53500691,0.429084496,0.476849753,0.459834194,0.400222263,0.367005182,0.442000274,0.357372233,1.870245232,0.456888498,0.441213645,0.396195878,0.474800044,0.441058989,0.396970909,0.397151542
Belgium,BE,BEL,,0.796581098,0.862470673,0.847575577,0.777907368,0.777515754,0.784601721,0.773251894,0.773957363,0.802945585,0.831920683,0.842320204,0.894557054,0.906851952,0.996823585,0.97148979,0.932938434,0.874627322,0.85232585,0.946050631,0.993803153,1.210789657
Belize,BZ,BLZ,0.025095411,0.125215525,0.030188272,8.28E-05,0.000175307,0.039031457,0.08213125,0.021887622,0.013252399,0.037839174,0.022166707,0.000147213,0.000130698,0.060322558,0.068508924,0.033731527,0.164016521,0.205367237,0.456589116,0.255882727,0.082683686,0.042213399
Benin,BJ,BEN,0.006626143,0.052980492,0.042355113,0.027819048,0.026006862,0.046957888,0.037019745,0.077100526,0.049913505,0.035471023,0.067297675,0.043516546,0.04802852,0.10745398,0.082393289,0.110131082,0.330921467,0.119625641,0.106151424,0.160986268,0.083773415,0.082212885
Bermuda,BM,BMU,,,,,,,,,,,,,,,1.024397755,0.996617628,1.862990209,0.747488586,0.794776384,0.800170634,1.388605243,0.482530912
Bhutan,BT,BTN,0.146674348,0.08280654,,,,,,0.164582253,0.138505233,0.108806507,0.136732524,0.156169005,0.312941867,0.347776824,0.241485931,,,,,,,
Bolivia,BO,BOL,0.148036784,0.172441467,0.276402799,0.260271852,0.16859017,0.27130271,0.199080285,0.138374256,0.167838828,0.147645577,0.120191746,0.180995351,0.257505409,0.131910948,0.116278631,0.172143,0.136561563,0.16979192,0.184683878,0.12227512,0.151741719,
Bosnia and Herzegovina,BA,BIH,,,,,,1.400483356,1.556018175,2.339020055,1.953245196,1.720261365,1.293307579,1.037948728,0.899345587,0.857522659,0.751221037,0.848951349,0.885287663,0.841887969,0.883828535,0.825945173,0.827830036,0.897236206
Botswana,BW,BWA,,,0.042310106,0.034781558,0.054651984,0.024302521,0.040411655,0.042559045,0.039232243,0.041809262,0.043515553,0.058846131,0.075565179,0.056338348,0.054446606,0.032270945,0.031270552,0.039733496,0.026934532,0.025125427,0.031626993,0.023197815
Brazil,BR,BRA,0.907368706,0.927208683,0.872860197,0.788661651,0.868159223,0.813667664,0.853999008,0.85283368,1.041496036,0.907493705,0.876974591,0.777716615,0.666570082,0.675077987,0.753470563,0.668080987,0.58054208,0.607355294,0.606496602,0.496118224,0.462323638,0.443549186
Brunei Darussalam,BN,BRN,0.053304461,,,0.035465501,0.04724418,0.049579578,0.043720912,,0.055915028,0.045485251,0.029014788,0.093982724,0.464749994,0.410235597,0.44418445,0.216681011,0.427816327,0.444619579,0.581477753,0.506186194,0.698524864,0.440893664
Bulgaria,BG,BGR,0.57951691,0.623398055,0.561706939,0.601616894,0.533328738,0.553715278,0.582830141,0.645482524,0.702153067,0.835334764,0.765353797,0.707566909,0.763717599,0.841853385,0.776208671,0.801798522,0.801818281,0.875893924,1.023086644,1.022905293,1.116864393,1.158871859
Burkina Faso,BF,BFA,0.124237603,0.120223816,0.423369119,0.213228704,0.106614813,0.072183025,0.029057547,0.031644134,,0.027209557,0.008710031,0.053181673,0.03272375,0.004131514,0.054626623,0.062803499,0.077352079,0.130637893,0.16365118,0.054589072,0.12428361,0.048103843
Burundi,BI,BDI,,,,,,,0.008331095,0.031430681,0.005677591,0.03992775,0.048166335,0.059893274,0.015056235,0.049662165,0.018036619,0.003446338,0.056888373,0.022685575,0.027048858,0.017687596,0.015124757,0.104621798
Cabo Verde,CV,CPV,0.065712848,0.10146718,0.38615694,0.003328236,,0.137081853,,0.996431833,0.700011808,0.175256534,,0.179417169,0.212164618,0.100624503,0.100422275,,,,,,3.00E-06,0.00147234
Cambodia,KH,KHM,,,0.00896328,0.008409371,0.012891122,0.022221841,0.023426673,0.014248438,0.015617781,0.010660221,0.011505001,0.07758137,0.075644186,0.037333942,0.066594862,0.11322755,0.036503148,0.073487351,0.090000137,0.10591741,0.117899201,
Cameroon,CM,CMR,,,0.036027041,0.036258165,0.07040919,0.098713485,0.049270161,0.047109608,0.017606044,0.456823821,0.370755602,0.276819475,0.130071598,0.797704497,0.118664535,0.105589908,0.199827003,0.078352539,0.087384795,,,
Canada,CA,CAN,0.736483933,0.709334543,0.708880344,0.720138216,0.763085604,0.796810826,0.771894127,0.772769501,0.801136265,0.778450366,0.755089438,0.806837838,0.726919497,0.741819909,0.748317406,0.753459715,0.699093393,0.724249125,0.709085263,0.699052785,0.70133422,0.7003007
Central African Rep.,CF,CAF,0.042492632,0.288996722,,,,,,,,0.000920459,0.028129836,0.00156023,0.216030284,0.054964249,0.134853235,0.238857474,0.001442356,0.010314612,0.000315144,0.025250638,0.03677209,
Chile,CL,CHL,0.359626903,0.353551152,0.548130503,0.613361631,0.570863434,0.676197938,0.515322132,0.484338211,0.46209317,0.258999501,0.260564822,0.184782092,0.16076736,0.163107708,0.12971008,0.13447428,0.14163227,0.123260502,0.113607811,0.116731742,0.125733529,0.135574296
"China, P.R.: Hong Kong",HK,HKG,0.539973633,0.558736903,0.583160536,0.596229823,0.610191185,0.576036783,0.546351262,0.53667761,0.542080402,0.559593557,0.557084553,0.521573481,0.577499226,0.577846242,0.606865346,0.597813641,0.596146292,0.572759321,0.551427051,0.557120961,0.596394828,0.578762021
"China, P.R.: Macao",MO,MAC,0.050725084,0.092733526,0.064579074,0.063218186,0.077630941,0.078938746,0.09771785,0.188055122,0.198843742,0.250247661,0.386116945,0.489318576,0.073115549,0.039985877,0.170344385,,0.170726242,0.127763657,0.010353717,,0.026706912,0.025229612
"China, P.R.: Mainland",CN,CHN,0.596291143,0.592208947,0.613355596,0.666438563,0.635931794,0.616219408,0.645905946,0.691613489,0.773867414,0.853682015,1.011856061,1.033007554,1.190325307,1.210654159,1.073570766,1.07752715,1.085913471,1.081056641,1.07988545,1.086878476,1.124406542,1.154665411
Colombia,CO,COL,0.215735432,0.159645489,0.18724254,0.257190235,0.271974139,0.250914024,0.262606144,0.245463869,0.226879556,0.213564512,0.207442195,0.18387695,0.143480475,0.1215013,0.106509562,0.130227785,0.141975844,0.173983262,0.179740371,0.139063341,0.131728558,0.120692328
"Comoros, Union of the",KM,COM,,0.108461632,,,,,,,,,0.005098309,0.007351496,0.021604995,0.000127035,0.004581736,0.159295432,0.011390766,0.010792938,0.129050198,0.024846063,0.007156233,0.005378755
"Congo, Rep. of",CG,COG,,,,,,,,,,0.042052428,0.045705955,0.055185535,0.061949441,0.058226015,0.06678846,0.037846999,0.079673632,0.044958225,0.097509499,0.086021325,0.066886103,0.109955682
Costa Rica,CR,CRI,0.33672898,0.276210328,0.385201646,0.607300598,0.475238081,0.329690848,0.293604784,0.401300077,0.319110556,0.335494168,0.468877306,0.21742362,0.356869576,0.425055612,0.458214885,0.519678132,0.489910927,0.446346815,0.385318499,0.372880738,0.361337992,0.349715052
Côte d'Ivoire,CI,CIV,0.888061239,0.877202362,0.186066729,0.254829623,0.181488767,0.205859486,0.167874856,0.13486221,0.125272671,0.146400445,0.140011707,0.216468015,0.175089581,0.124945704,0.202852619,0.201235484,0.21677633,0.231961228,0.305859951,0.25563975,0.147062686,0.089232437
"Croatia, Rep. of",HR,HRV,0.54861014,0.568266127,0.573095954,0.654250818,0.677295676,0.68407198,0.6514163,0.734657386,0.769381641,0.894302099,0.900399984,1.045698179,0.939563502,0.845495187,0.697140534,1.138905783,0.870321658,0.808563506,0.770856362,0.764352108,0.725970013,0.65958828
Cuba,CU,CUB,,0.01074782,0.0662801,0.141795276,0.178558396,0.141194642,0.09382165,0.112503476,0.282211853,,,,,,,,,,,,,
Cyprus,CY,CYP,0.628285592,0.588056648,0.56388817,0.485848771,0.693311535,0.624801876,0.749430567,0.579965223,1.313950765,2.154034623,1.666784335,2.073851636,2.332404409,1.490952749,0.741032848,0.389805526,0.182679082,0.233782621,0.167380861,0.204153084,0.120138724,0.132502896
Czech Rep.,CZ,CZE,0.951715302,1.002220091,1.050077752,1.12090333,1.182533808,1.278782433,1.24032356,1.260102131,1.412731569,1.36472699,1.434963003,1.350983159,1.348109953,1.452093121,1.454326335,1.491720239,1.454871884,1.464062038,1.456123639,1.35684044,1.362482048,1.333759317
Denmark,DK,DNK,1.678425593,1.651741897,1.613592321,1.536895657,1.489755309,1.502203061,1.57435166,1.612981104,1.589239871,1.67032417,1.83610713,1.746075363,1.688637669,1.742220027,1.735236399,1.534326057,1.611549109,1.489724682,1.513312264,1.489347394,1.390007509,1.370604161
Djibouti,DJ,DJI,,,,,,,,,,,,0.038145139,,,,,,,,,,
Dominica,DM,DMA,,0.071442996,0.052628607,0.107268015,0.166160197,0.02022043,0.035135613,0.119096927,0.049775063,0.005726728,0.086873912,0.028982447,0.227095777,,0.057888709,,,,,,,
Dominican Rep.,DO,DOM,,,,0.381283675,0.135284118,0.106181316,0.082168158,0.128833045,0.206026711,0.106449109,0.190821906,0.271506782,0.165935478,0.165040097,0.451817624,0.486699341,0.47825921,0.483414276,0.455064703,0.423609027,0.368784642,
Ecuador,EC,ECU,0.169662683,0.142954061,0.147855315,0.186965058,0.16673024,0.166393531,0.133103207,0.106750149,0.106520245,0.11799286,0.105784878,0.121575867,0.156403256,0.152484704,0.153251923,0.181023515,0.131791431,0.150001164,0.144769527,0.092533809,0.087474112,0.069009296
"Egypt, Arab Rep. of",EG,EGY,0.168399393,0.137320064,,,,,,,,,0.256535735,0.288787651,0.440796264,0.691264381,0.703057578,0.744376816,0.713030617,0.561114458,0.521048404,0.687040785,0.775448254,0.505630068
El Salvador,SV,SLV,0.535946379,0.720738302,0.317455961,0.342310826,0.359351545,0.398828662,0.381565693,0.625499191,1.536201628,1.323515019,1.659712134,1.057087996,0.659304398,0.734942654,0.917280823,0.886217238,0.768813413,0.694511527,0.669054705,0.671945938,0.619053666,0.605912893
"Eritrea, The State of",ER,ERI,,,,,,0.004776397,,,,,,,,,,,,,,,,
"Estonia, Rep. of",EE,EST,0.633339881,0.611374477,0.595072071,0.575728212,0.541808032,0.626909653,0.637156835,0.645169106,0.628615608,0.672183275,0.745476849,0.647775603,0.68653269,0.666617397,0.705856605,0.806288457,0.796078857,0.800429097,0.834555497,0.849996397,0.832295879,0.933133569
"Eswatini, Kingdom of",SZ,SWZ,,,0.227156635,0.243938321,0.298517789,0.193999622,0.18113351,0.415473789,0.478108156,0.49392622,0.417438276,0.795203675,0.583011532,0.480739172,0.332094209,0.247877146,0.280243343,0.328663414,0.42877968,0.352374918,0.321589187,0.346203053
"Ethiopia, The Federal Dem. Rep. of",ET,ETH,0.001905741,0.001056309,0.003489323,0.000731942,0.000588612,0.008961783,0.015351257,0.022208216,0.001019427,0.031523439,0.059177056,0.04452961,0.06795668,0.03587656,0.062598134,0.046929866,0.115903789,0.046091488,0.040352676,0.052099376,0.042011153,
"Fiji, Rep. of",FJ,FJI,,,,,0.154711313,0.151018717,0.15654754,0.406830332,0.425638343,0.641439918,0.225863614,1.220166799,1.798622713,1.686163253,1.779250276,1.88725883,1.849741204,2.234413116,2.339190121,2.513191682,2.40439852,2.433282636
Finland,FI,FIN,0.831253683,0.803022718,0.823856989,0.848341346,0.855276311,0.884580437,0.897218593,0.947995001,0.958411444,0.994531333,1.100711405,1.226275295,1.235894059,1.205440899,1.109318156,1.107846184,0.998070394,0.904315582,0.900647792,0.866537787,0.859727678,0.854940521
France,FR,FRA,1.088413846,1.132343962,1.078942828,1.090472238,1.14938171,1.181348028,1.142652298,1.160914333,1.188508982,1.160040077,1.154513216,1.134734058,1.108027695,1.144360818,1.076738552,1.117691114,1.103911123,1.036499564,1.028834777,1.071304667,1.073603252,0.9661599
Gabon,GA,GAB,0.057822707,0.032946656,0.026441124,0.022665631,0.020593414,0.024685372,0.036395776,0.013240058,0.009534895,0.010536636,0.009819332,0.236598204,,,,,,,,,,
"Gambia, The",GM,GMB,0.029943441,0.022189314,,,0.00431523,0.091484238,0.004104036,0.035058971,0.001609985,0.068317979,0.230068257,0.976087701,0.495768038,1.004969828,0.181576484,0.076807618,0.064014164,0.009099462,0.052086963,0.008767542,0.010067976,0.043867724
Georgia,GE,GEO,1.780997118,0.826543613,1.448028937,1.314864921,1.50524169,1.198535966,0.896733715,1.160165395,0.83536954,0.628039167,0.627827445,0.677300726,0.710056704,0.710571787,0.801038884,1.203194087,1.21096816,0.982310059,0.936579271,0.931242054,0.961484164,0.922805044
Germany,DE,DEU,1.578612016,1.633947007,1.647906553,1.683630064,1.749097537,1.710525897,1.732672692,1.880282109,1.905225555,1.83186459,1.928563089,1.89464569,1.923781267,1.972730569,1.921558293,1.970401005,1.892901586,1.76585386,1.74547783,1.81306458,1.839718402,1.827444808
Ghana,GH,GHA,0.137160269,0.03430265,,,,0.19926007,,0.147422818,1.214530723,0.281257085,0.110924488,0.351622938,0.201068935,0.26962886,0.114936526,0.110398468,0.295600833,0.224226338,0.515361704,0.32498814,0.159625906,0.098774491
Greece,GR,GRC,0.568073594,0.554730548,0.618940344,0.614770604,0.585331872,0.550938713,0.490438207,0.502928351,0.470196801,0.492043488,0.454891518,0.440088543,0.443827795,0.472679714,0.395895452,0.399303255,0.480446358,0.525953102,0.475502808,0.42628576,0.408725632,0.461858185
Grenada,GD,GRD,0.603659912,1.31799024,0.574491721,0.085714531,0.040508137,0.606547366,1.275968451,0.13970721,0.082760811,0.117035976,0.256788338,,,,,,,,,,,
Guatemala,GT,GTM,0.479871784,0.456308799,0.447426462,0.479834954,0.473928161,0.46916303,0.430321276,0.41592443,0.648115539,0.461526776,0.600861761,0.567427339,0.496066695,0.465710095,0.645001507,0.708692841,0.596786206,0.483642535,0.483043086,0.427710822,0.404217118,0.432217283
Guinea,GN,GIN,3.184896241,4.649268393,2.906377995,4.450812253,4.424271441,,0.090121419,0.01546812,0.003583534,0.296044693,0.12829594,,,,,0.087173708,0.04296064,0.042070228,0.116014682,,,
Guinea-Bissau,GW,GNB,,,,,,0.043235717,0.000411551,9.94E-06,,,,,,,,,,,,,,
Guyana,GY,GUY,0.085878853,0.085337735,0.017412792,0.161632439,0.089556398,0.782576612,0.012245067,0.145037373,0.358242,0.037008926,0.01791018,0.034486668,0.011125368,0.010385663,0.017122163,0.006489164,0.010085031,0.011931241,0.12337683,0.22438119,0.017122341,
Honduras,HN,HND,0.273211048,0.386089734,0.324942116,0.316104198,0.32336375,0.374190286,0.309244647,0.257929692,0.305672654,0.387988188,,0.359369509,0.325461106,0.184716872,0.23595934,,0.311517858,0.145370861,0.144106854,0.210699907,,0.123763521
Hungary,HU,HUN,0.866197968,0.834539653,0.935491515,0.946192737,0.887467805,0.951319735,1.036558144,1.081749489,1.461444894,1.423034027,1.421703025,1.440673221,1.637172354,1.775919741,1.997762974,1.998618382,1.957553069,1.575866282,1.595062429,1.594827421,1.597102431,1.493302368
Iceland,IS,ISL,0.059345457,0.059490337,0.162126724,0.167535616,0.137732777,0.137923841,0.103047212,0.039366158,0.035131532,0.048709762,0.089554458,0.092068576,0.131436001,0.119763267,0.140026037,0.107722424,0.089266662,0.06941545,0.070918458,0.080615346,0.082644249,0.063052288
India,IN,IND,0.308752814,0.334679248,0.384527868,0.39012586,0.391541323,0.382334998,0.425563343,0.439454535,0.506848451,0.524035925,0.574532271,0.505046747,0.511294888,0.426447857,0.447946243,0.472283546,0.478141998,0.538022492,0.544127802,0.499570519,0.501269224,0.490688151
Indonesia,ID,IDN,0.159700617,0.248601072,0.306602747,0.32947548,0.323476051,0.375959123,0.362334051,0.371732723,0.366751411,0.35027359,0.352175892,0.307587917,0.296190171,0.302214089,0.469911063,0.548607552,0.483771484,0.356220568,0.403527024,0.292095264,0.392911414,0.340442887
"Iran, Islamic Rep. of",IR,IRN,0.08813107,0.060161158,0.064524351,0.14429766,0.088511901,0.083139937,0.083878633,0.162753242,0.206120412,,,,0.458155063,0.390506772,,0.491275772,0.594286998,0.645967701,0.550906279,0.422035439,0.471079933,
Iraq,IQ,IRQ,,,,,,,,,,,,,,,,,,,2.11E-05,,,
Ireland,IE,IRL,0.287241625,0.279448595,0.283269478,0.256979831,0.257760538,0.326894718,0.386622066,0.357774005,0.370219026,0.340620445,0.316371228,0.34522242,0.344094753,0.362919753,0.345570753,0.400911739,0.469597952,0.402501818,0.325595547,0.324299325,0.285514061,0.229808977
Israel,IL,ISR,0.892435788,0.899943887,0.792722125,0.783377202,0.800107149,0.830244699,0.863482429,0.887808073,1.001523447,0.979617396,0.940959908,0.797350345,0.82297181,0.866140559,1.002036934,0.978084309,0.874154937,0.766090925,1.275795662,1.014005528,1.312376122,1.423119507
Italy,IT,ITA,1.706620176,1.742023158,1.676842242,1.609904535,1.651611181,1.668711599,1.691404675,1.691433778,1.743968517,1.753542492,1.77728128,1.849514235,1.687402694,1.692709871,1.700175023,1.716062883,1.640204166,1.543152888,1.499291339,1.398904482,1.338802363,1.222916291
Jamaica,JM,JAM,0.326446129,0.655772966,1.133155364,1.075265442,0.933807637,0.854966143,1.096950126,0.649082229,0.655134263,0.726550152,1.747209406,3.248879926,0.980498378,0.297552187,2.576150054,1.45857532,0.209099032,0.350056566,0.365286867,0.323483627,,0.294650078
Japan,JP,JPN,1.240848882,1.31946361,1.528369037,1.482866443,1.499244441,1.571164325,1.675246455,1.66887573,1.650411796,1.486479982,1.517412376,1.541902225,1.577221395,1.701213324,1.704422419,1.65766291,1.592171098,1.482082145,1.500056004,1.780959254,1.789320737,1.789375795
Jordan,JO,JOR,0.199873158,0.273394571,0.274024155,0.509763925,0.436802454,0.260427621,0.304644664,0.352114517,0.323578229,0.366137483,0.378809459,0.297252166,0.251400914,0.248110274,0.272415584,0.303482502,0.268173157,0.281751887,0.33767586,0.304378817,0.262518771,0.289648518
"Kazakhstan, Rep. of",KZ,KAZ,0.100569792,,0.005382327,0.101629597,0.0509783,0.056888677,0.038780389,0.03353057,0.024231771,0.028826306,0.028134163,0.040103926,0.026124629,0.027387012,0.02558217,0.03614103,0.042298809,0.039511276,0.059643575,0.042979506,0.039928865,0.050787058
Kenya,KE,KEN,0.32433803,0.315897362,0.335909607,0.40645469,0.153677764,0.297465944,0.281903604,0.446212781,0.45836791,0.357247065,0.382528545,0.411151446,0.356139446,,,0.412354136,,0.392215739,0.37934927,0.249791818,0.214095155,0.20226476
"Korea, Rep. of",KR,KOR,0.48293737,0.474146288,0.511905586,0.551988626,0.564927678,0.569991066,0.566169535,0.603822208,0.65191628,0.697259648,0.7319241,0.780087031,0.880749245,0.967813105,1.159233924,1.243344475,1.148640113,1.174096901,1.180057881,1.226089363,1.292114236,1.389537002
Kuwait,KW,KWT,,,,,,,,,0.017411938,0.018876562,0.019640908,0.034806142,0.033146661,0.027835459,,0.035048866,0.052147043,0.071624182,0.061743949,0.061425356,0.080941119,
Kyrgyz Rep.,KG,KGZ,,,0.180655417,0.221005849,0.38566942,0.071129967,0.136392935,0.150759622,0.297881646,0.275118909,0.209161474,0.213997708,0.224423907,0.143216702,0.232909211,0.232514447,0.174333292,0.22066777,0.161791218,0.18430599,0.168366199,0.067625157
Lao People's Dem. Rep.,LA,LAO,,,,,,,,,,,,,0.004894353,0.007804716,0.009111579,0.014697377,0.018289715,0.155388859,0.118946628,0.024949835,0.01160056,0.246034634
Latvia,LV,LVA,0.344436746,0.317393881,0.406731517,0.439780641,0.548352756,0.571632504,0.620747507,0.774279244,0.910494709,0.886049371,0.968189514,0.671417602,0.591716951,0.622439114,0.71284498,0.691270558,0.691271069,0.756963912,0.630796542,0.631825303,0.639820042,0.618814244
Lebanon,LB,LBN,0.72705425,0.66980416,0.667901786,0.701617771,0.612869228,0.501388927,0.561562891,0.664512021,0.616256867,0.641238455,0.580183481,0.563022105,0.416812635,0.474188796,0.436195071,0.526041205,0.566351051,0.514464841,0.393704155,0.418874743,0.434846964,
"Lesotho, Kingdom of",LS,LSO,,,,,,,,,,,0.041853744,0.109791849,0.009201807,0.180332392,0.550561246,4.295943981,1.653465896,0.041493396,0.041114398,0.053274929,,
Libya,LY,LBY,,,,,,,,,,0.177393687,0.152998738,0.104494539,0.107040984,,,,,,,,,
Lithuania,LT,LTU,0.444981794,0.39172061,0.396733606,0.407617564,0.353306301,0.403103985,0.441526892,0.564385303,0.688338797,0.812728575,0.785053116,0.713271864,0.763110084,0.734692318,1.019513161,1.014387826,0.983744808,1.027770729,1.007450346,0.992473361,1.210789719,1.138640035
Luxembourg,LU,LUX,,1.061966287,1.058521285,1.0267119,1.153359773,1.217079047,1.055190768,1.137357432,1.09712655,1.110587974,1.091481464,1.239918044,1.321261944,1.355960252,1.380469597,1.278033165,1.179820182,1.126118493,1.117700468,1.220668928,1.162576038,
"Madagascar, Rep. of",MG,MDG,0.026182276,0.46514951,0.105327651,0.101204571,0.089726714,0.062291251,0.139235494,0.220385505,0.122455489,0.089952841,0.068211938,0.114908668,0.236015515,0.193201329,0.096425008,0.07999075,0.070815122,0.059984321,0.064669846,0.037070265,0.042016787,0.04206099
Malawi,MW,MWI,0.017780221,0.058015775,0.053112438,0.055051562,0.136355418,0.019429515,0.051635896,0.079794136,0.151411076,0.221645158,0.128710566,0.382660793,0.538677011,0.293247236,0.265944941,0.286346079,0.365733618,0.463887022,0.109217988,0.136004713,0.082532716,0.117598491
Malaysia,MY,MYS,0.434464401,0.420330055,0.463126213,0.582300071,0.548407252,0.560127363,0.553755096,0.562197349,0.633897026,0.610740119,0.58778129,0.661215312,0.831509566,0.823757058,0.825224708,0.947865732,0.955816888,1.071809213,1.169724554,1.064006642,1.074149402,1.107067162
Maldives,MV,MDV,,,,,,0.005231001,0.021750202,0.043511234,,,,,0.000800318,,,,,0.000295438,0.000147927,0.001490961,0.002409693,
Mali,ML,MLI,0.048541125,0.03597513,0.037153699,0.071324846,0.054427371,0.04413598,0.05986634,0.075552016,0.070732765,0.037701458,0.055163334,,0.088652303,0.074768969,0.054967731,,,,0.060481535,0.095685779,,
Malta,MT,MLT,0.255818569,0.3306081,0.251451417,0.248167121,0.161993756,0.244234166,0.280502841,0.595813182,0.445227887,0.389795648,0.511496352,0.423845344,0.369169264,0.282268846,0.26621099,0.290670997,0.308615265,0.349180558,0.354178102,0.44524929,0.588409545,0.478375259
"Mauritania, Islamic Rep. of",MR,MRT,,,,,,,,,,,,,,,1.35E-05,0.000155913,4.76E-05,1.13E-06,0.001244237,0.001013413,5.93E-05,0.000118371
Mauritius,MU,MUS,0.225013757,0.156503228,0.20420007,0.234868583,0.216312143,0.212827211,0.271017802,0.226958446,0.2299034,0.238139751,0.269248185,0.157655512,0.210120165,0.177659205,0.192065649,0.13295347,0.170182767,0.215791281,0.220432487,0.231543522,0.2818389,0.205988841
Mexico,MX,MEX,1.064820403,1.08313965,1.091543571,1.044247123,1.145667191,1.147342124,1.186247257,1.250833226,1.264733274,1.13165365,1.208899813,1.17073633,1.200040168,1.190001035,1.160739751,1.195299879,1.184392205,1.192335472,1.204215206,1.073189065,1.034854269,0.94409705
"Moldova, Rep. of",MD,MDA,0.482138514,0.512978229,0.812559791,0.562935692,0.398464164,0.314985557,0.440552128,0.464119458,0.759776417,0.686430649,0.539577758,0.431497866,0.44836272,0.466305642,0.466607602,0.51188792,0.423267038,0.513756701,0.496988185,0.457939378,0.398113616,0.388999318
Mongolia,MN,MNG,0.015814161,0.178579785,0.011205161,0.010406293,0.004907548,0.023542287,0.005017792,0.030618239,0.020404463,0.008877235,,,,,,0.034597688,0.038672727,0.024774968,0.028671079,0.012687658,0.011027925,0.015043644
Montenegro,ME,MNE,,,,,,,,,0.210757824,0.210512095,0.173492201,0.329358666,0.147868123,0.149839623,0.183028468,0.208432145,0.177507725,0.179265661,0.258791784,0.282888293,0.26771371,
Morocco,MA,MAR,0.205260065,0.254010599,0.207176457,0.203616867,0.237763108,0.185896111,0.155051338,0.13699323,0.178055122,0.153397961,0.117741003,0.143420814,0.144200414,0.133076178,0.132820601,0.1335947,0.197950048,0.201370855,0.233389515,0.238048758,0.239621775,0.237676929
"Mozambique, Rep. of",MZ,MOZ,,,,0.035431514,0.070405334,0.054011862,0.078593547,0.063339002,0.069754621,0.060142981,0.067255594,0.117721566,0.028495541,0.05267585,0.704826031,0.46154397,1.804414652,,2.665978425,0.014227954,0.139360534,
Myanmar,MM,MMR,,,,,,,,,,,,,0.002189754,0.006703318,0.006204532,0.020762198,0.011839968,0.01563151,0.056497825,0.092990086,0.056970724,0.034886598
Namibia,NA,NAM,,,0.115953364,0.099932477,0.180831046,0.1958702,0.155576059,0.119200181,0.070745941,0.085166011,0.091051705,0.130251872,0.141678174,0.15819317,0.128292103,0.22912532,0.164823776,0.115411769,0.096576071,0.110431216,0.177690244,0.190400639
Nepal,NP,NPL,0.069227683,0.046476752,0.027394636,,,0.345862189,,,,,,0.034720028,0.231144616,0.236533881,0.258745488,0.169989102,0.066306207,0.091817447,0.12583655,0.221148401,,
"Netherlands, The",NL,NLD,0.726429609,0.785246361,0.679339847,0.659308693,0.721933631,0.76728253,0.744577169,0.761976589,0.774275562,0.795605989,0.827676756,0.847242083,0.834964809,0.935431373,1.088381767,1.047326504,1.024403751,0.999078341,0.968020945,0.968021091,0.991195124,0.980606471
New Zealand,NZ,NZL,0.736537028,0.649778773,0.988923228,0.89261576,0.877889901,0.741727078,0.733918529,0.583740735,0.585345715,0.565333879,0.551506153,0.434113214,0.460076783,0.474653033,0.530941683,0.426898413,0.273468667,0.424441502,0.289444455,0.246949564,0.240929314,0.224122417
Nicaragua,NI,NIC,0.212539685,0.212953333,0.214250966,0.329805193,0.302565415,0.287407726,0.258119809,0.417503397,0.234962204,0.098964971,0.335730708,0.65277534,0.112806057,0.081849095,0.09585936,0.071948769,0.066178076,0.060228808,0.061786173,0.064574862,0.05385083,0.053426118
Niger,NE,NER,0.034904098,0.038185795,0.06559136,0.042196721,0.027737684,0.010956658,0.029987199,0.04078069,0.031455277,0.015639635,0.012657993,0.026149895,0.110701148,0.043419661,0.012036521,0.016253738,0.105273275,0.01779432,0.024324344,0.01497949,0.02910719,
Nigeria,NG,NGA,0.003182578,0.003886843,0.003129985,0.00019846,0.002233089,0.065573744,,,0.006471148,0.014633005,0.012795712,0.045873821,0.072467475,0.018904,0.008431606,0.046490277,0.02396234,,0.002557217,0.001487375,0.005963911,0.001577032
"North Macedonia, Republic of ",MK,MKD,0.075177626,0.067416775,0.129194765,0.064650587,0.109759899,0.096794822,0.088472679,0.087037904,0.162940924,0.179399648,0.008099463,0.273684198,1.890452954,3.64342175,4.010861584,5.069017496,5.932109072,6.33063037,6.706026443,6.214820436,6.261667764,5.974668792
Norway,NO,NOR,0.614181426,0.491372858,0.364417542,0.375151828,0.434196306,0.465536019,0.437767077,0.424942028,0.481010678,0.530545732,0.589172655,0.771168494,0.520557945,0.412876322,0.431198584,0.470980145,0.494599103,0.64810219,0.636942174,0.41506931,0.377024219,0.426594311
Oman,OM,OMN,0.115871999,0.069465308,0.025810795,0.032004712,0.074741724,0.01450849,0.037379337,0.037081176,0.03487697,0.091752234,0.17323358,0.259594884,0.332465442,0.38383904,0.321933931,0.29845245,0.275705018,0.407965602,0.311731426,0.540275137,0.464124636,
Pakistan,PK,PAK,,,,,,0.11386577,0.125255801,0.269733772,0.29305585,0.269720228,0.339719121,0.283245836,0.285951665,0.325014266,0.256421583,0.437478264,0.387780672,0.375685971,0.323132132,0.421941051,0.431928195,0.30090222
Panama,PA,PAN,0.577757002,0.557843405,0.643470111,0.666688538,0.570283041,0.477490719,0.415520926,0.324198109,0.213217877,0.212502666,0.213201633,0.163660098,0.191566622,0.199024827,0.194688295,0.201680501,0.240501994,0.200632438,0.208248918,,,
Papua New Guinea,PG,PNG,0.045595632,,,,0.063429795,0.045276352,0.037473366,,,,,,,0.042643449,0.053401602,,,,,,,
Paraguay,PY,PRY,0.046146433,0.08954919,0.019541355,0.027993799,0.01591525,0.01448654,0.029427098,0.015651866,0.0626202,0.030844748,0.018596681,0.026088194,0.028540296,0.052060221,0.043237472,0.053207631,0.08842304,0.069914922,0.043775709,0.040889449,0.097543607,0.210819782
Peru,PE,PER,0.133062027,0.11740111,0.112112244,0.150686256,0.111245998,0.142787627,0.132434412,0.16445257,0.137370772,0.174972096,0.226453453,0.202961796,0.166495435,0.168016242,0.001687266,0.230330694,0.248840585,0.239715121,0.215603198,0.171417399,0.17978537,0.171747782
Philippines,PH,PHL,0.138733323,0.180455286,0.197364199,0.229978382,0.201451118,0.19149264,0.215502752,0.181582462,0.146848498,0.245096701,0.227895879,0.28806305,0.30867237,0.606698969,1.153832944,0.881559625,0.940033512,0.956008778,0.864799934,0.44978556,0.43989156,0.529366475
"Poland, Rep. of",PL,POL,0.818197202,0.871195952,0.914783305,0.92917916,0.959299037,0.987470411,0.934569359,0.995401998,1.062728991,1.075308192,1.018885752,0.926937759,0.973384913,1.034966153,1.063825676,1.137933419,1.128880834,1.119399941,1.18238875,1.144553767,1.208519263,1.14172878
Portugal,PT,PRT,0.574709595,0.759928176,0.82895986,0.811108856,0.882547336,0.901567253,0.754241515,1.036124935,0.995943792,1.059735524,1.11435846,1.050863993,1.092172278,1.04127008,0.974096396,1.027672393,1.068057643,1.149822647,1.227737163,1.260165517,1.194578608,1.260152315
Qatar,QA,QAT,,,0.157238216,0.152795689,0.177316148,0.007369249,0.041217674,0.007964001,0.049625179,0.055699993,0.001155409,0.086181902,0.002110179,0.00065159,0.012390103,0.000393445,0.00041377,0.056606638,0.000336047,0.000233502,0.00014942,0.000195305
Romania,RO,ROU,0.540756801,0.437653164,0.528577763,0.585146679,0.586330693,0.614552152,0.958712033,0.76602624,0.842347174,0.980913975,0.889999841,0.8106973,0.871679703,0.934432789,1.0745997,1.043743619,1.035968652,1.073524634,1.131612494,1.149738734,1.207335313,1.232355281
Russian Federation,RU,RUS,0.315087962,0.336139668,0.361018748,0.464345808,0.274388538,0.293039954,0.281650282,0.236654491,0.232402742,0.217214222,0.254500523,0.200956735,0.163864722,0.175581821,0.205011853,0.230906118,0.222045986,0.264693836,0.320896873,0.311049672,0.240349591,0.228920303
Rwanda,RW,RWA,,0.015238105,,0.012916178,0.030239511,0.004537808,0.020363601,0.045191584,0.073694447,0.085951218,0.013847822,0.049598978,0.086964122,0.029578438,0.066045185,0.110939849,0.032269284,0.069659039,0.069732862,0.04363474,0.08577764,0.066729945
Samoa,WS,WSM,,,,0.032778721,0.022332406,0.038560441,0.011037695,0.03604291,0.000881986,0.014596061,0.038176753,0.084694081,0.226734377,0.060586581,0.039495019,0.131687965,0.059423599,0.012395476,0.018198522,0.11395695,0.570932624,0.053191003
"São Tomé and Príncipe, Dem. Rep. of",ST,STP,,,0.060985604,0.001448711,0.017501713,0.119030773,0.002158615,0.008168961,0.008992316,0.104328647,0.144816195,0.000198652,0.000600644,0.010115491,0.072292224,0.088758158,0.009060913,0.007068269,0.007786126,0.022886128,0.048966809,0.003607616
Saudi Arabia,SA,SAU,0.23648832,0.06701928,0.135756751,0.251717039,0.233148082,0.213020185,0.16427416,0.156235083,0.143179287,0.133027145,0.128992344,0.194358358,0.149547554,0.124225421,0.162946024,0.19444391,0.274187783,0.356438241,0.327600347,0.238390851,0.255777281,0.24381087
Senegal,SN,SEN,0.314235919,0.471118914,0.301151033,0.483510077,0.255125862,0.152179885,0.141296194,0.248347958,0.202067523,0.212326535,0.156459087,0.16589289,0.144545591,0.135830685,0.141258406,0.119831818,0.139075098,0.114942729,0.173971013,0.107075039,0.081402976,0.073276772
"Serbia, Rep. of",RS,SRB,,,,,,,,,0.763303167,0.826246837,0.798804793,0.625319512,0.603282273,0.654504072,0.683972789,0.613132177,0.636975327,0.691139834,0.738750863,0.798778326,0.823516457,0.80856785
Seychelles,SC,SYC,0.022888538,0.012940632,,0.036906648,0.010389006,,,,,,0.015881796,,0.00980418,0.004911216,0.0191375,0.004016632,0.02372849,0.012368555,0.010777869,0.012933336,0.011980933,0.03266644
Sierra Leone,SL,SLE,,,,,0.009117424,,,,,,,,,,,,0.211650689,1.777732947,0.0153689,0.340400726,0.033217811,
Singapore,SG,SGP,0.521968726,0.558896443,0.640445233,0.56923936,0.585655254,0.610403573,0.556110673,0.508825124,0.522477766,0.555666923,0.58959039,0.663449341,0.669232173,0.729291414,0.716363324,0.74826697,0.80372769,0.824945513,0.846833334,0.765070235,0.7115289,0.724206817
Slovak Rep.,SK,SVK,0.598268229,0.757186841,0.699340096,0.74063153,0.800755221,0.730906208,0.77546023,0.871004613,0.798420817,0.802345863,0.825245588,0.822527629,0.873657022,0.879796637,1.195806786,1.209396744,1.035928418,1.031271294,0.986355359,1.035563554,0.996338156,1.538623304
"Slovenia, Rep. of",SI,SVN,1.108417538,1.155406292,1.207616489,1.194125491,1.228325423,1.249852091,1.303667501,1.365137015,1.500152227,1.427056193,1.383837717,1.402205047,1.383665933,1.341549623,1.401946425,1.480519032,1.407121432,1.249176356,1.167624075,1.106678321,1.131413291,1.113287494
South Africa,ZA,ZAF,,,1.326625273,1.644915359,1.669033892,1.474416109,1.349500097,1.420410534,1.676012129,1.725500169,1.581853377,1.255303489,1.192244979,1.142664238,1.029180245,0.958240551,0.97711343,0.996781275,0.930289715,0.792126819,0.768071048,0.741956674
Spain,ES,ESP,0.74039661,0.770560331,0.811510365,0.82323097,0.80523642,0.783704302,0.83058743,0.855236305,0.856243059,0.882247359,0.854643839,0.865670506,0.916165924,0.829706525,0.826954614,0.817270466,0.792066411,0.777736166,0.764747052,0.76608455,0.75205393,0.742172611
Sri Lanka,LK,LKA,,0.294753196,0.308046523,0.340390644,0.407549445,0.390792058,0.384631931,0.415056751,0.439432604,0.450188097,0.43422038,0.409630252,0.443178746,0.499823524,0.502902467,0.51954631,0.515989741,0.4964995,0.479493485,0.481295492,,
St. Kitts and Nevis,KN,KNA,,0.124168648,0.136035915,0.134579142,0.20391292,0.200188697,0.207411733,0.397451169,0.344986925,0.120850999,0.112859035,0.145337019,0.062835064,0.024534044,0.018437723,0.024267956,0.04193587,0.070725701,0.17040486,0.301543734,,
Sudan,SD,SDN,,,,,,,,,,,,,,,0.005457681,,0.003809905,0.011446044,0.010669929,0.005285701,0.007905487,
Suriname,SR,SUR,,0.040398092,,,,,,,,,,0.060567756,0.037450115,0.054490322,0.032800415,0.027155083,0.049241539,0.015660493,0.018488757,0.010635243,0.013829528,0.039052235
Sweden,SE,SWE,1.097391994,1.230424473,1.073221843,1.18781615,1.209728509,1.178040078,1.122902852,1.151419947,1.179382617,1.240551612,1.292467002,1.335555459,1.228973271,1.15193596,1.402130486,1.218625718,1.232933415,1.230722244,1.163204757,1.236215248,1.364920627,1.366435153
Switzerland,CH,CHE,1.563264849,1.57957936,1.656448885,1.548015328,1.418550064,1.418994532,1.431082863,1.405031399,1.385132463,1.371319809,1.355717417,1.255103746,1.266448638,1.247471602,0.805269713,0.748859014,0.830815856,0.758447999,0.706434983,0.735673546,0.748189779,0.674921335
Syrian Arab Rep.,SY,SYR,,,,0.002183534,0.017187652,0.077132352,0.092597367,0.134516044,0.247756265,0.263765716,0.735573052,0.31589622,0.390871352,,,,,,,,,
"Tanzania, United Rep. of",TZ,TZA,0.057326034,0.087586494,0.011710373,0.016416238,0.010304429,0.016218679,0.052335749,0.099846849,0.293914709,0.413867126,0.112094689,0.102864787,0.240118451,0.21896489,0.33213481,0.345334357,0.187766762,0.109762636,0.220469932,0.116256855,0.808821513,
Thailand,TH,THA,0.406742786,0.446037764,0.502360639,0.527499967,0.551613248,0.573559926,0.628835829,0.730988289,0.786573043,0.962222471,0.883180861,0.806365755,0.846740384,0.79652539,0.795727642,0.886612997,0.795529581,0.79509829,0.858308762,0.865983347,0.856999253,0.765910505
"Timor-Leste, Dem. Rep. of",TL,TLS,,,,,,,0.189633965,0.044438571,,,,,,,,0.103494617,,,,0.085300873,,
Togo,TG,TGO,0.045441595,0.124255221,0.020768224,0.048072848,0.058906625,0.321217792,0.314018974,0.337876333,,0.149097426,0.430748527,0.4365733,0.337204752,1.07616156,1.328998971,1.165831782,1.544147207,1.587936807,1.872773286,1.694915926,1.824406549,1.935617693
Tonga,TO,TON,,,,,,,,,,,0.019822155,0.040482006,0.006547454,0.001150707,0.007729454,0.106065963,0.080631032,,,,,
Trinidad and Tobago,TT,TTO,4.738081964,4.179884411,3.989501902,3.599661635,3.616734466,3.813062135,5.565332227,4.375457208,3.382404064,4.141459965,3.917190939,1.750190105,4.338808794,5.874656631,5.135439165,5.154889699,5.269208027,5.526693401,,,,
Tunisia,TN,TUN,0.260813262,0.255471236,0.274150512,0.303588572,0.357925034,0.346218248,0.351883332,0.342747603,0.384871579,0.483448998,0.485757285,0.579981966,0.633737633,0.645731633,0.653870747,0.705869742,0.734030001,0.736562226,0.771147846,0.711899974,0.732248309,0.670250424
Turkey,TR,TUR,0.532068554,0.559340407,0.633243924,0.666674353,0.70994015,0.655093663,0.648356463,0.672187543,0.721530369,0.766803026,0.727650121,0.700423414,0.769523427,0.816117248,0.73383056,0.817379081,0.815237426,0.751512348,0.709405024,0.931397809,1.056197625,1.011646094
Turkmenistan,TM,TKM,,0.005680404,0.003118391,,,,,,,,,,,,,,,,,,,
Uganda,UG,UGA,0.010386176,0.00908726,0.036467054,0.048974754,0.017131103,0.210690467,0.048259735,0.076225824,0.057837152,0.081246915,0.091763253,0.111083042,0.087139128,0.068784093,0.134202873,0.164223923,0.173094213,0.127972935,0.125088025,0.095554122,0.113036862,
Ukraine,UA,UKR,0.95893239,0.874690186,,1.070207429,1.131365667,1.177976355,1.274261356,0.831694507,0.830471029,0.68528486,0.75195371,0.683807714,0.689595387,0.666947512,0.712319144,0.71175292,0.546227356,0.485995284,0.327213352,0.275291273,0.264843273,
United Arab Emirates,AE,ARE,,,,,,,,0.128018644,,0.146355044,0.146134807,,,,0.214392979,0.113367624,0.145120842,0.149079991,0.141010907,0.228108863,0.226773806,
United Kingdom,GB,GBR,1.106628743,1.059873248,0.966491577,1.006516953,1.04257637,1.101811018,1.114457428,1.097292236,1.039799553,1.237771969,1.233505202,1.191154192,1.1742632,1.117057421,1.150521417,1.069257981,1.185955638,1.157522171,1.191308231,1.16510674,1.138550104,1.190216172
United States,US,USA,1.357498845,1.418464178,1.538934432,1.481351859,1.465481376,1.428887893,1.449850432,1.456013285,1.428345774,1.337887296,1.302614832,1.360867459,1.3528476,1.386035443,1.338146203,1.378989214,1.33497309,1.30995019,1.267642438,1.268337207,1.237687187,1.180553186
Uruguay,UY,URY,0.274503394,0.302747379,0.325193311,0.312317594,0.195093667,0.190906577,0.190208673,0.189658252,0.185133729,0.186839378,0.165165455,0.124732225,0.196105384,0.156877651,0.122938469,0.136658066,0.101694758,0.12205269,0.11687661,0.103063283,0.099881469,0.076489052
"Uzbekistan, Rep. of",UZ,UZB,,,,,,,,,,,,,,,,,,,,0.152697744,0.026960742,0.026437686
Vanuatu,VU,VUT,,,,,,,,,0.02021436,0.046040501,,0.035825438,0.177387399,0.02186921,,,,,,,,
"Venezuela, Rep. Bolivariana de",VE,VEN,0.332631685,0.170321185,0.136933973,0.20738746,0.272862235,0.280033112,0.241491137,0.168079635,0.107929441,,0.059344401,0.027944109,0.076590862,0.034977851,0.121530057,0.177490313,,,,,,
Vietnam,VN,VNM,,,0.056753173,0.108952588,0.111662724,0.147725509,0.147796003,0.199281596,0.176510408,0.257729666,0.279856017,0.319354664,0.327626344,0.342952242,0.371986588,0.37063717,0.361121252,0.389921095,0.51200292,0.509358155,0.484614658,0.551589661
West Bank and Gaza,PS,PSE,,,,,,,,,,1.123446925,1.292791778,1.342308483,1.275002599,1.04166423,1.140580706,1.264869081,1.177653611,1.116537604,1.178714245,0.967359774,1.023812492,
"Yemen, Rep. of",YE,YEM,,,,,,,0.048746693,0.026829297,0.038650495,0.031457749,0.039368248,0.063172534,0.048415676,0.0335942,0.03086945,0.010995987,0.082899097,0.058302231,,,,0.001275154
Zambia,ZM,ZMB,0.035049316,0.03744889,,,0.052695438,0.038461432,0.05460125,0.03651479,0.04462757,0.026371459,0.053490241,0.048954321,0.085731561,0.147819423,0.101316897,0.084120837,0.068441261,0.117618133,0.141543492,0.115522277,0.119898921,0.14423427
Zimbabwe,ZW,ZWE,,,0.147220696,0.056283114,0.10678398,0.109537357,0.079746169,0.077312043,0.027329933,0.084940132,1.168899031,0.124882531,0.078341932,0.063791155,0.04890613,0.074138299,0.05344621,0.053553874,0.039016004,0.034788864,0.019923895,0.021715531